{
    "version": 6,
    "cmakeMinimumRequired": {
        "major": 3,
        "minor": 23,
        "patch": 0
    },
    "configurePresets": [
        {
            "name": "cmake-pedantic",
            "hidden": true,
            "warnings": {
                "dev": true,
                "deprecated": true,
                "uninitialized": true,
                "unusedCli": true,
                "systemVars": false
            },
            "errors": {
                "dev": true,
                "deprecated": true
            }
        },
        {
            "name": "dev-mode",
            "hidden": true,
            "inherits": "cmake-pedantic",
            "cacheVariables": {
                "operon_DEVELOPER_MODE": "ON"
            }
        },
        {
            "name": "cppcheck",
            "hidden": true,
            "cacheVariables": {
                "CMAKE_CXX_CPPCHECK": "cppcheck;--inline-suppr"
            }
        },
        {
            "name": "clang-tidy",
            "hidden": true,
            "cacheVariables": {
                "CMAKE_CXX_CLANG_TIDY": "clang-tidy;--header-filter=${sourceDir}/* -test/source/thirdparty/*"
            }
        },
        {
            "name": "cpp-std",
            "description": "This preset makes sure the project actually builds with at least the specified standard",
            "hidden": true,
            "cacheVariables": {
                "CMAKE_CXX_EXTENSIONS": "OFF",
                "CMAKE_CXX_STANDARD": "20",
                "CMAKE_CXX_STANDARD_REQUIRED": "ON"
            }
        },
        {
            "name": "cpp-build",
            "hidden": true,
            "cacheVariables": {
                "CMAKE_CXX_FLAGS": "$env{CXX_WARNINGS} $env{CXX_OPT}",
                "CMAKE_BUILD_TYPE": "Release"
            }
        },
        {
            "name": "build-windows",
            "hidden": false,
            "cacheVariables": {
                "CMAKE_CXX_FLAGS": "/W4 /permissive- /utf-8 /volatile:iso /EHsc /Zc:__cplusplus /Zc:throwingNew"
            }
        },
        {
            "name": "build-linux",
            "generator": "Unix Makefiles",
            "hidden": false,
            "inherits": ["cpp-std", "cpp-build"],
            "environment": {
                "CXX_WARNINGS": "-Wall -Wextra -Werror -pedantic",
                "CXX_OPT": "-fsized-deallocation -fno-math-errno -ffp-contract=off -march=x86-64-v3"
            }
        },
        {
            "name": "build-osx",
            "generator": "Unix Makefiles",
            "hidden": false,
            "inherits": ["cpp-std", "cpp-build"],
            "environment": {
                "CXX_WARNINGS": "-Wall -Wextra -pedantic",
                "CXX_OPT": "-fsized-deallocation -fno-math-errno"
            }
        }
    ]
}
